{
  "project_info": {
    "project_number": "85766315731",
    "firebase_url": "https://message-9bcc0.firebaseio.com",
    "project_id": "message-9bcc0",
    "storage_bucket": "message-9bcc0.appspot.com"
  },
  "client": [
    {
      "client_info": {
        "mobilesdk_app_id": "1:85766315731:android:1238be9e2f68de6b",
        "android_client_info": {
          "package_name": "com.example.srivi.messageme"
        }
      },
      "oauth_client": [
        {
          "client_id": "85766315731-19de91f0iarnjg1rb3olhiu806tl3qfr.apps.googleusercontent.com",
          "client_type": 3
        }
      ],
      "api_key": [
        {
          "current_key": "AIzaSyCh6xPE2eR8GngHMxd3IS5gczGwwS-RO5c"
        }
      ],
      "services": {
        "analytics_service": {
          "status": 1
        },
        "appinvite_service": {
          "status": 1,
          "other_platform_oauth_client": []
        },
        "ads_service": {
          "status": 2
        }
      }
    }
  ],
  "configuration_version": "1"
}